K,Lambda,Gamma,Shrink,Mean_RMSE,Std_RMSE,Mean_CPU,Std_CPU
64,0.001000,0.001000,0.750000,0.993651,0.002628,44.143877,3.715870
64,0.001000,0.001000,0.775000,0.993649,0.002627,50.432221,3.221170
64,0.001000,0.001000,0.800000,0.993643,0.002627,66.512693,3.969874
64,0.001000,0.001000,0.825000,0.993633,0.002625,85.935712,4.769512
64,0.001000,0.001000,0.850000,0.993603,0.002623,119.354741,6.180140
64,0.001000,0.001000,0.875000,0.993535,0.002627,177.103008,6.712624
64,0.001000,0.001000,0.900000,0.993250,0.002642,264.840062,7.017854
64,0.001000,0.001000,0.925000,0.991174,0.002598,266.010885,5.466641
64,0.001000,0.001000,0.950000,0.981071,0.002842,265.012844,6.748108
64,0.001000,0.001000,0.975000,0.967398,0.002640,265.929334,6.393731
64,0.001000,0.001000,1.000000,0.960903,0.002582,243.660952,7.869518
64,0.001000,0.002000,0.750000,0.993651,0.002625,42.895530,2.625325
64,0.001000,0.002000,0.775000,0.993646,0.002626,53.053086,4.841162
64,0.001000,0.002000,0.800000,0.993640,0.002627,67.754884,3.877886
64,0.001000,0.002000,0.825000,0.993631,0.002625,85.538866,7.189786
64,0.001000,0.002000,0.850000,0.993605,0.002627,123.700675,4.692491
64,0.001000,0.002000,0.875000,0.993526,0.002623,181.887983,8.078845
64,0.001000,0.002000,0.900000,0.993249,0.002678,265.092091,6.850204
64,0.001000,0.002000,0.925000,0.991354,0.002502,265.691743,6.673534
64,0.001000,0.002000,0.950000,0.981163,0.002831,265.820983,6.049677
64,0.001000,0.002000,0.975000,0.967335,0.002989,265.598093,6.647890
64,0.001000,0.002000,1.000000,0.961032,0.002626,247.305320,10.750960
64,0.001000,0.005000,0.750000,0.993651,0.002624,41.936743,3.711419
64,0.001000,0.005000,0.775000,0.993648,0.002624,52.062857,4.311364
64,0.001000,0.005000,0.800000,0.993641,0.002626,67.298494,3.147334
64,0.001000,0.005000,0.825000,0.993630,0.002628,88.406194,3.635394
64,0.001000,0.005000,0.850000,0.993606,0.002624,121.555138,4.113004
64,0.001000,0.005000,0.875000,0.993524,0.002620,182.018063,5.193116
64,0.001000,0.005000,0.900000,0.993244,0.002615,265.667340,6.819988
64,0.001000,0.005000,0.925000,0.991086,0.002668,265.352687,7.067498
64,0.001000,0.005000,0.950000,0.981309,0.002640,266.097870,6.647758
64,0.001000,0.005000,0.975000,0.967527,0.002945,265.285155,6.460825
64,0.001000,0.005000,1.000000,0.960755,0.002577,248.867722,5.358377
64,0.001000,0.010000,0.750000,0.993652,0.002626,42.409263,2.783688
64,0.001000,0.010000,0.775000,0.993648,0.002624,52.332334,5.241511
64,0.001000,0.010000,0.800000,0.993641,0.002625,66.296626,2.222510
64,0.001000,0.010000,0.825000,0.993627,0.002623,90.118424,5.152093
64,0.001000,0.010000,0.850000,0.993604,0.002628,120.239213,5.844980
64,0.001000,0.010000,0.875000,0.993543,0.002626,176.156466,6.652944
64,0.001000,0.010000,0.900000,0.993274,0.002634,265.639503,6.503083
64,0.001000,0.010000,0.925000,0.991288,0.002651,265.469310,6.236978
64,0.001000,0.010000,0.950000,0.981309,0.003036,265.554805,5.923838
64,0.001000,0.010000,0.975000,0.967556,0.002758,264.952245,6.666479
64,0.001000,0.010000,1.000000,0.960698,0.002560,250.473124,10.330694
64,0.001000,0.020000,0.750000,0.993651,0.002624,41.289735,3.244772
64,0.001000,0.020000,0.775000,0.993647,0.002624,51.991696,4.978685
64,0.001000,0.020000,0.800000,0.993646,0.002627,64.747023,5.320548
64,0.001000,0.020000,0.825000,0.993632,0.002622,86.215472,5.592552
64,0.001000,0.020000,0.850000,0.993607,0.002630,120.054216,5.624175
64,0.001000,0.020000,0.875000,0.993528,0.002631,179.563344,8.030513
64,0.001000,0.020000,0.900000,0.993265,0.002621,265.663243,6.386708
64,0.001000,0.020000,0.925000,0.991277,0.002583,265.203966,6.656641
64,0.001000,0.020000,0.950000,0.981519,0.002896,265.730826,6.200602
64,0.001000,0.020000,0.975000,0.967955,0.002810,265.838950,6.166546
64,0.001000,0.020000,1.000000,0.960726,0.002556,256.471115,8.154036
64,0.001000,0.050000,0.750000,0.993654,0.002626,38.934789,1.678825
64,0.001000,0.050000,0.775000,0.993649,0.002625,50.620787,2.397682
64,0.001000,0.050000,0.800000,0.993643,0.002623,65.028976,3.483386
64,0.001000,0.050000,0.825000,0.993635,0.002625,83.466488,2.241589
64,0.001000,0.050000,0.850000,0.993614,0.002623,117.173734,6.746782
64,0.001000,0.050000,0.875000,0.993554,0.002623,171.362481,3.035500
64,0.001000,0.050000,0.900000,0.993326,0.002613,265.725807,6.034721
64,0.001000,0.050000,0.925000,0.991673,0.002685,265.303567,6.373233
64,0.001000,0.050000,0.950000,0.982229,0.002867,265.556256,6.402704
64,0.001000,0.050000,0.975000,0.968891,0.002824,265.717624,6.385447
64,0.001000,0.050000,1.000000,0.960082,0.002705,266.219697,6.644157
64,0.001000,0.100000,0.750000,0.993655,0.002624,36.143681,3.585379
64,0.001000,0.100000,0.775000,0.993652,0.002625,42.451360,6.661832
64,0.001000,0.100000,0.800000,0.993646,0.002625,59.682801,4.576240
64,0.001000,0.100000,0.825000,0.993634,0.002626,81.934742,4.843337
64,0.001000,0.100000,0.850000,0.993617,0.002627,110.821646,5.296542
64,0.001000,0.100000,0.875000,0.993566,0.002630,164.322286,7.468122
64,0.001000,0.100000,0.900000,0.993349,0.002621,264.364473,7.101578
64,0.001000,0.100000,0.925000,0.992055,0.002602,265.089415,6.185517
64,0.001000,0.100000,0.950000,0.983431,0.002756,265.435038,7.175898
64,0.001000,0.100000,0.975000,0.970991,0.002924,266.125255,6.195704
64,0.001000,0.100000,1.000000,0.960628,0.002627,265.218289,6.583517
64,0.002000,0.001000,0.750000,0.993545,0.002629,98.341438,2.823187
64,0.002000,0.001000,0.775000,0.993442,0.002639,124.087627,2.997097
64,0.002000,0.001000,0.800000,0.993210,0.002600,157.136999,4.351772
64,0.002000,0.001000,0.825000,0.992645,0.002514,203.566969,5.306643
64,0.002000,0.001000,0.850000,0.990974,0.002677,268.614766,18.893569
64,0.002000,0.001000,0.875000,0.985986,0.002760,263.648425,7.954344
64,0.002000,0.001000,0.900000,0.979249,0.002916,261.608135,8.974005
64,0.002000,0.001000,0.925000,0.970212,0.002731,251.728126,17.062378
64,0.002000,0.001000,0.950000,0.962425,0.002596,251.663503,16.507241
64,0.002000,0.001000,0.975000,0.960896,0.002522,170.349266,9.892155
64,0.002000,0.001000,1.000000,0.960571,0.002547,120.770200,9.064032
64,0.002000,0.002000,0.750000,0.993537,0.002626,95.204712,11.511813
64,0.002000,0.002000,0.775000,0.993437,0.002635,115.919961,10.909613
64,0.002000,0.002000,0.800000,0.993226,0.002608,145.783950,11.987926
64,0.002000,0.002000,0.825000,0.992770,0.002678,186.158169,14.376298
64,0.002000,0.002000,0.850000,0.991159,0.002705,239.995765,12.867578
64,0.002000,0.002000,0.875000,0.985965,0.002774,236.827423,7.673281
64,0.002000,0.002000,0.900000,0.979578,0.002908,229.600227,2.360483
64,0.002000,0.002000,0.925000,0.970613,0.002951,229.553648,1.622327
64,0.002000,0.002000,0.950000,0.962622,0.002590,227.413811,1.990020
64,0.002000,0.002000,0.975000,0.960854,0.002546,154.194115,4.785962
64,0.002000,0.002000,1.000000,0.960589,0.002704,111.327707,2.255150
64,0.002000,0.005000,0.750000,0.993532,0.002637,86.291028,1.667577
64,0.002000,0.005000,0.775000,0.993462,0.002625,104.613598,2.940732
64,0.002000,0.005000,0.800000,0.993248,0.002631,133.581248,2.043129
64,0.002000,0.005000,0.825000,0.992775,0.002618,170.876683,4.619786
64,0.002000,0.005000,0.850000,0.991080,0.002500,227.521303,3.668250
64,0.002000,0.005000,0.875000,0.985876,0.002503,228.417244,2.037029
64,0.002000,0.005000,0.900000,0.979599,0.002796,228.659344,2.286343
64,0.002000,0.005000,0.925000,0.970557,0.002982,228.496114,1.862769
64,0.002000,0.005000,0.950000,0.962497,0.002608,228.811588,3.171899
64,0.002000,0.005000,0.975000,0.960796,0.002587,156.593603,6.660378
64,0.002000,0.005000,1.000000,0.960525,0.002529,110.895733,2.627865
64,0.002000,0.010000,0.750000,0.993541,0.002626,86.182301,1.885784
64,0.002000,0.010000,0.775000,0.993450,0.002652,105.308296,1.419893
64,0.002000,0.010000,0.800000,0.993307,0.002604,130.529236,4.012016
64,0.002000,0.010000,0.825000,0.992844,0.002621,172.138844,7.433826
64,0.002000,0.010000,0.850000,0.991317,0.002617,226.014242,2.772941
64,0.002000,0.010000,0.875000,0.986123,0.002443,228.442538,2.092468
64,0.002000,0.010000,0.900000,0.979770,0.002824,228.896353,1.631060
64,0.002000,0.010000,0.925000,0.970661,0.002788,228.515599,2.004599
64,0.002000,0.010000,0.950000,0.962584,0.002624,228.553587,2.147401
64,0.002000,0.010000,0.975000,0.960899,0.002475,159.328760,8.277377
64,0.002000,0.010000,1.000000,0.960446,0.002605,115.207450,2.627882
64,0.002000,0.020000,0.750000,0.993540,0.002632,85.384321,3.268813
64,0.002000,0.020000,0.775000,0.993461,0.002650,104.564700,2.943358
64,0.002000,0.020000,0.800000,0.993273,0.002611,132.487718,2.078281
64,0.002000,0.020000,0.825000,0.992768,0.002623,170.735081,1.483039
64,0.002000,0.020000,0.850000,0.991223,0.002464,226.894803,4.590584
64,0.002000,0.020000,0.875000,0.986569,0.002762,228.404942,1.786309
64,0.002000,0.020000,0.900000,0.980024,0.002874,229.265249,2.497007
64,0.002000,0.020000,0.925000,0.971227,0.002872,228.529820,1.807977
64,0.002000,0.020000,0.950000,0.962837,0.002571,229.694016,1.767838
64,0.002000,0.020000,0.975000,0.960571,0.002617,174.310558,5.363966
64,0.002000,0.020000,1.000000,0.960068,0.002548,117.964767,3.693717
64,0.002000,0.050000,0.750000,0.993550,0.002626,84.152093,2.929966
64,0.002000,0.050000,0.775000,0.993467,0.002620,103.578188,2.477698
64,0.002000,0.050000,0.800000,0.993323,0.002611,129.424387,3.283215
64,0.002000,0.050000,0.825000,0.992913,0.002639,169.643178,7.079424
64,0.002000,0.050000,0.850000,0.991696,0.002701,221.927554,2.873454
64,0.002000,0.050000,0.875000,0.987143,0.002666,228.974882,2.038327
64,0.002000,0.050000,0.900000,0.980993,0.003013,228.886672,2.052974
64,0.002000,0.050000,0.925000,0.972283,0.003093,228.904920,2.403035
64,0.002000,0.050000,0.950000,0.963511,0.002665,229.148548,2.302746
64,0.002000,0.050000,0.975000,0.960057,0.002698,202.566321,8.898382
64,0.002000,0.050000,1.000000,0.959687,0.002551,128.561278,2.764635
64,0.002000,0.100000,0.750000,0.993569,0.002625,81.026987,2.357241
64,0.002000,0.100000,0.775000,0.993515,0.002621,98.434654,2.969318
64,0.002000,0.100000,0.800000,0.993388,0.002614,124.413720,2.904124
64,0.002000,0.100000,0.825000,0.993048,0.002619,162.643428,3.690284
64,0.002000,0.100000,0.850000,0.992129,0.002637,218.094128,5.402422
64,0.002000,0.100000,0.875000,0.988386,0.002934,232.353927,4.223496
64,0.002000,0.100000,0.900000,0.981946,0.002982,231.359395,4.783093
64,0.002000,0.100000,0.925000,0.974092,0.002890,231.661037,4.673853
64,0.002000,0.100000,0.950000,0.965136,0.002664,234.348927,9.017151
64,0.002000,0.100000,0.975000,0.959604,0.002634,232.201252,4.606880
64,0.002000,0.100000,1.000000,0.959128,0.002624,148.301317,4.842546
64,0.005000,0.001000,0.750000,0.980174,0.002881,151.598421,3.841876
64,0.005000,0.001000,0.775000,0.976932,0.002944,171.026207,3.032514
64,0.005000,0.001000,0.800000,0.972813,0.003087,191.527501,3.957265
64,0.005000,0.001000,0.825000,0.968878,0.002840,215.659129,8.380753
64,0.005000,0.001000,0.850000,0.964998,0.002680,232.656286,5.070518
64,0.005000,0.001000,0.875000,0.961966,0.002684,233.039561,4.808918
64,0.005000,0.001000,0.900000,0.960952,0.002595,125.038968,13.677710
64,0.005000,0.001000,0.925000,0.960593,0.002634,80.285449,3.832505
64,0.005000,0.001000,0.950000,0.960120,0.002675,65.510502,2.797674
64,0.005000,0.001000,0.975000,0.960015,0.002492,56.975608,1.470367
64,0.005000,0.001000,1.000000,0.959780,0.002643,51.974706,1.035925
64,0.005000,0.002000,0.750000,0.980183,0.002944,149.749612,3.302474
64,0.005000,0.002000,0.775000,0.976941,0.002648,171.997799,4.085117
64,0.005000,0.002000,0.800000,0.973052,0.002697,191.899811,5.133957
64,0.005000,0.002000,0.825000,0.968830,0.002752,210.674498,4.864169
64,0.005000,0.002000,0.850000,0.964969,0.002765,232.308421,4.984308
64,0.005000,0.002000,0.875000,0.961807,0.002723,231.811996,4.655244
64,0.005000,0.002000,0.900000,0.960804,0.002583,119.364720,13.801280
64,0.005000,0.002000,0.925000,0.960437,0.002541,78.273288,2.933357
64,0.005000,0.002000,0.950000,0.960164,0.002636,63.997318,1.841873
64,0.005000,0.002000,0.975000,0.959943,0.002626,56.712037,1.495089
64,0.005000,0.002000,1.000000,0.959425,0.002598,51.098474,0.692136
64,0.005000,0.005000,0.750000,0.980335,0.002661,147.234165,2.519441
64,0.005000,0.005000,0.775000,0.977294,0.002654,167.771277,1.726835
64,0.005000,0.005000,0.800000,0.973079,0.003045,186.528867,2.098940
64,0.005000,0.005000,0.825000,0.969127,0.002947,212.199923,11.819853
64,0.005000,0.005000,0.850000,0.965113,0.002872,228.107532,2.452713
64,0.005000,0.005000,0.875000,0.961931,0.002579,228.144745,2.834754
64,0.005000,0.005000,0.900000,0.960944,0.002499,120.436628,10.561173
64,0.005000,0.005000,0.925000,0.960307,0.002533,78.564408,2.337125
64,0.005000,0.005000,0.950000,0.960078,0.002624,62.524467,0.570579
64,0.005000,0.005000,0.975000,0.959791,0.002495,55.197458,2.187006
64,0.005000,0.005000,1.000000,0.959665,0.002500,49.684836,1.127113
64,0.005000,0.010000,0.750000,0.980617,0.002843,142.405427,2.481770
64,0.005000,0.010000,0.775000,0.977270,0.002998,160.941353,3.294853
64,0.005000,0.010000,0.800000,0.973278,0.003096,176.039556,6.049033
64,0.005000,0.010000,0.825000,0.969205,0.002914,194.171403,6.314707
64,0.005000,0.010000,0.850000,0.965320,0.002987,209.903193,8.604168
64,0.005000,0.010000,0.875000,0.961976,0.002648,209.059500,10.004240
64,0.005000,0.010000,0.900000,0.960879,0.002661,126.833074,17.078978
64,0.005000,0.010000,0.925000,0.960411,0.002770,76.690511,4.570136
64,0.005000,0.010000,0.950000,0.959969,0.002674,62.550766,3.453701
64,0.005000,0.010000,0.975000,0.959667,0.002691,55.476391,2.208813
64,0.005000,0.010000,1.000000,0.959689,0.002614,48.601099,1.853549
64,0.005000,0.020000,0.750000,0.980736,0.002923,139.988848,4.542053
64,0.005000,0.020000,0.775000,0.977761,0.002895,161.002554,6.821784
64,0.005000,0.020000,0.800000,0.973740,0.002992,179.846946,7.760959
64,0.005000,0.020000,0.825000,0.969520,0.002777,200.583221,7.582331
64,0.005000,0.020000,0.850000,0.965517,0.002802,219.292133,6.620811
64,0.005000,0.020000,0.875000,0.962057,0.002710,220.691499,8.676303
64,0.005000,0.020000,0.900000,0.960546,0.002505,154.340765,30.498222
64,0.005000,0.020000,0.925000,0.960157,0.002619,83.577517,5.281506
64,0.005000,0.020000,0.950000,0.959827,0.002662,65.990885,3.182035
64,0.005000,0.020000,0.975000,0.959618,0.002585,57.028615,2.295143
64,0.005000,0.020000,1.000000,0.959205,0.002492,52.639312,2.186058
64,0.005000,0.050000,0.750000,0.981498,0.002913,138.990089,6.665037
64,0.005000,0.050000,0.775000,0.978781,0.002908,156.673303,6.503421
64,0.005000,0.050000,0.800000,0.974801,0.002764,180.399575,7.722035
64,0.005000,0.050000,0.825000,0.970590,0.002933,201.791753,7.303501
64,0.005000,0.050000,0.850000,0.966458,0.002848,216.482703,9.009120
64,0.005000,0.050000,0.875000,0.962922,0.002714,217.030523,9.154109
64,0.005000,0.050000,0.900000,0.960505,0.002640,216.670881,8.456340
64,0.005000,0.050000,0.925000,0.959827,0.002538,101.381877,7.202635
64,0.005000,0.050000,0.950000,0.959426,0.002540,74.769106,3.066488
64,0.005000,0.050000,0.975000,0.959290,0.002674,63.419242,3.250722
64,0.005000,0.050000,1.000000,0.958784,0.002606,57.271432,2.342065
64,0.005000,0.100000,0.750000,0.982785,0.002842,138.418743,6.983626
64,0.005000,0.100000,0.775000,0.980446,0.002882,152.998392,6.913730
64,0.005000,0.100000,0.800000,0.977130,0.002784,181.113239,7.501166
64,0.005000,0.100000,0.825000,0.972548,0.002817,204.437770,8.654980
64,0.005000,0.100000,0.850000,0.968388,0.002749,218.047335,8.535914
64,0.005000,0.100000,0.875000,0.964442,0.002675,217.882648,8.741387
64,0.005000,0.100000,0.900000,0.961206,0.002668,221.069471,10.272992
64,0.005000,0.100000,0.925000,0.959465,0.002577,162.922863,19.380325
64,0.005000,0.100000,0.950000,0.958900,0.002643,93.623690,3.921871
64,0.005000,0.100000,0.975000,0.958841,0.002641,75.427516,2.271417
64,0.005000,0.100000,1.000000,0.958735,0.002625,63.821618,2.913378
64,0.010000,0.001000,0.750000,0.962516,0.002643,134.314024,3.036917
64,0.010000,0.001000,0.775000,0.961309,0.002560,127.181099,10.281604
64,0.010000,0.001000,0.800000,0.960862,0.002581,76.388060,13.708562
64,0.010000,0.001000,0.825000,0.960246,0.002652,53.701409,2.974772
64,0.010000,0.001000,0.850000,0.960051,0.002601,44.807327,2.041817
64,0.010000,0.001000,0.875000,0.959764,0.002580,40.379382,1.063826
64,0.010000,0.001000,0.900000,0.959705,0.002680,36.224686,0.900480
64,0.010000,0.001000,0.925000,0.959299,0.002658,35.046753,2.496106
64,0.010000,0.001000,0.950000,0.959421,0.002540,31.793902,0.885462
64,0.010000,0.001000,0.975000,0.959301,0.002597,31.684427,0.943633
64,0.010000,0.001000,1.000000,0.960145,0.002778,30.064886,2.022697
64,0.010000,0.002000,0.750000,0.962433,0.002664,132.333858,4.229371
64,0.010000,0.002000,0.775000,0.961358,0.002737,132.384061,8.724838
64,0.010000,0.002000,0.800000,0.960690,0.002559,79.753201,11.324128
64,0.010000,0.002000,0.825000,0.960282,0.002574,56.419256,2.597935
64,0.010000,0.002000,0.850000,0.960083,0.002657,45.336432,1.573013
64,0.010000,0.002000,0.875000,0.959690,0.002565,39.595121,2.070656
64,0.010000,0.002000,0.900000,0.959462,0.002623,36.742156,2.161016
64,0.010000,0.002000,0.925000,0.959427,0.002607,35.870214,1.279140
64,0.010000,0.002000,0.950000,0.959222,0.002727,33.160423,2.562440
64,0.010000,0.002000,0.975000,0.959298,0.002588,32.897299,0.394837
64,0.010000,0.002000,1.000000,0.959984,0.002659,30.319602,2.028810
64,0.010000,0.005000,0.750000,0.962526,0.002629,136.509696,2.917856
64,0.010000,0.005000,0.775000,0.961307,0.002635,137.413704,3.749528
64,0.010000,0.005000,0.800000,0.960549,0.002468,92.745799,24.293345
64,0.010000,0.005000,0.825000,0.960275,0.002623,55.685828,3.970380
64,0.010000,0.005000,0.850000,0.959858,0.002654,46.531069,1.536720
64,0.010000,0.005000,0.875000,0.959713,0.002591,40.681208,1.471963
64,0.010000,0.005000,0.900000,0.959520,0.002690,37.832778,1.482399
64,0.010000,0.005000,0.925000,0.959317,0.002465,37.299393,0.867376
64,0.010000,0.005000,0.950000,0.959292,0.002668,32.328293,0.336278
64,0.010000,0.005000,0.975000,0.959086,0.002637,32.367756,0.311949
64,0.010000,0.005000,1.000000,0.959956,0.002813,31.830997,1.361110
64,0.010000,0.010000,0.750000,0.962665,0.002619,136.297162,4.430132
64,0.010000,0.010000,0.775000,0.961487,0.002708,135.142186,4.689104
64,0.010000,0.010000,0.800000,0.960644,0.002670,108.765215,18.559090
64,0.010000,0.010000,0.825000,0.960253,0.002650,59.310344,3.610800
64,0.010000,0.010000,0.850000,0.959917,0.002517,46.653869,1.794278
64,0.010000,0.010000,0.875000,0.959838,0.002533,42.304002,1.371381
64,0.010000,0.010000,0.900000,0.959456,0.002665,38.943588,2.003292
64,0.010000,0.010000,0.925000,0.959139,0.002591,37.006690,0.364773
64,0.010000,0.010000,0.950000,0.959219,0.002723,34.935018,3.016388
64,0.010000,0.010000,0.975000,0.959191,0.002647,32.495668,0.328139
64,0.010000,0.010000,1.000000,0.959458,0.002673,32.532076,0.353877
64,0.010000,0.020000,0.750000,0.962884,0.002718,137.688612,2.912183
64,0.010000,0.020000,0.775000,0.961467,0.002648,141.724262,4.284626
64,0.010000,0.020000,0.800000,0.960536,0.002572,120.312236,19.897915
64,0.010000,0.020000,0.825000,0.960156,0.002527,64.051821,4.747368
64,0.010000,0.020000,0.850000,0.959814,0.002688,52.201002,1.831472
64,0.010000,0.020000,0.875000,0.959512,0.002544,44.883001,1.617384
64,0.010000,0.020000,0.900000,0.959196,0.002567,41.377633,0.465562
64,0.010000,0.020000,0.925000,0.959019,0.002648,37.041832,0.350663
64,0.010000,0.020000,0.950000,0.958942,0.002753,37.077726,0.348382
64,0.010000,0.020000,0.975000,0.959012,0.002658,32.634006,0.349976
64,0.010000,0.020000,1.000000,0.959072,0.002760,32.529122,0.279626
64,0.010000,0.050000,0.750000,0.963876,0.002805,141.913336,1.530262
64,0.010000,0.050000,0.775000,0.962083,0.002693,148.858053,3.185280
64,0.010000,0.050000,0.800000,0.960778,0.002522,148.002726,9.607079
64,0.010000,0.050000,0.825000,0.959981,0.002593,119.619383,23.573891
64,0.010000,0.050000,0.850000,0.959612,0.002544,65.932717,3.247168
64,0.010000,0.050000,0.875000,0.959064,0.002570,51.621919,1.775505
64,0.010000,0.050000,0.900000,0.958987,0.002598,45.939508,0.506445
64,0.010000,0.050000,0.925000,0.958761,0.002501,41.414610,0.407492
64,0.010000,0.050000,0.950000,0.958747,0.002655,38.482949,1.920758
64,0.010000,0.050000,0.975000,0.958457,0.002651,36.996403,0.408620
64,0.010000,0.050000,1.000000,0.958829,0.002747,34.416661,1.883339
64,0.010000,0.100000,0.750000,0.965872,0.002823,144.055979,1.894148
64,0.010000,0.100000,0.775000,0.963713,0.002570,155.277510,3.464424
64,0.010000,0.100000,0.800000,0.961764,0.002694,164.192884,4.789253
64,0.010000,0.100000,0.825000,0.960340,0.002512,176.303894,5.058788
64,0.010000,0.100000,0.850000,0.959258,0.002639,144.414015,15.583983
64,0.010000,0.100000,0.875000,0.959004,0.002658,72.491215,3.983116
64,0.010000,0.100000,0.900000,0.958756,0.002527,58.424137,4.452120
64,0.010000,0.100000,0.925000,0.958663,0.002708,50.015582,1.528855
64,0.010000,0.100000,0.950000,0.958516,0.002555,45.826570,0.510253
64,0.010000,0.100000,0.975000,0.958543,0.002636,41.332591,0.345588
64,0.010000,0.100000,1.000000,0.958650,0.002716,40.023532,1.948061
64,0.020000,0.001000,0.750000,0.960455,0.002656,28.028651,0.344646
64,0.020000,0.001000,0.775000,0.961322,0.002790,27.479210,1.445985
64,0.020000,0.001000,0.800000,0.962834,0.002892,26.918596,1.842595
64,0.020000,0.001000,0.825000,0.965255,0.003018,25.488762,2.090919
64,0.020000,0.001000,0.850000,0.968196,0.003066,23.338291,0.209083
64,0.020000,0.001000,0.875000,0.971763,0.002851,19.609730,3.246286
64,0.020000,0.001000,0.900000,0.973777,0.002741,14.642488,1.171853
64,0.020000,0.001000,0.925000,0.973875,0.002787,14.316022,0.101623
64,0.020000,0.001000,0.950000,0.974338,0.002674,14.433266,0.143475
64,0.020000,0.001000,0.975000,0.974590,0.002825,14.343088,0.153379
64,0.020000,0.001000,1.000000,0.975033,0.002731,14.660401,0.789219
64,0.020000,0.002000,0.750000,0.960371,0.002589,27.908528,0.292227
64,0.020000,0.002000,0.775000,0.961213,0.002717,27.347312,1.505079
64,0.020000,0.002000,0.800000,0.962697,0.002841,26.951086,1.854035
64,0.020000,0.002000,0.825000,0.965178,0.003083,25.780468,2.174913
64,0.020000,0.002000,0.850000,0.968206,0.003003,23.292976,0.229281
64,0.020000,0.002000,0.875000,0.971374,0.003005,19.830504,2.682327
64,0.020000,0.002000,0.900000,0.973492,0.002729,15.489949,1.805294
64,0.020000,0.002000,0.925000,0.974008,0.002756,14.415496,0.135177
64,0.020000,0.002000,0.950000,0.974317,0.002652,14.355571,0.115743
64,0.020000,0.002000,0.975000,0.974519,0.002716,14.345152,0.125221
64,0.020000,0.002000,1.000000,0.974888,0.002701,14.368806,0.114323
64,0.020000,0.005000,0.750000,0.960158,0.002568,28.120240,0.218638
64,0.020000,0.005000,0.775000,0.960919,0.002604,28.054734,0.227985
64,0.020000,0.005000,0.800000,0.962412,0.002577,27.182603,2.162550
64,0.020000,0.005000,0.825000,0.964692,0.003247,26.368366,2.021480
64,0.020000,0.005000,0.850000,0.967713,0.003225,23.662077,1.186076
64,0.020000,0.005000,0.875000,0.970736,0.003452,22.254903,1.831165
64,0.020000,0.005000,0.900000,0.973731,0.002729,15.090003,1.516840
64,0.020000,0.005000,0.925000,0.973886,0.002780,14.367238,0.147680
64,0.020000,0.005000,0.950000,0.974386,0.002810,14.347817,0.091913
64,0.020000,0.005000,0.975000,0.974588,0.002784,14.335294,0.092116
64,0.020000,0.005000,1.000000,0.974969,0.002721,14.401799,0.132754
64,0.020000,0.010000,0.750000,0.959993,0.002748,29.184923,1.776653
64,0.020000,0.010000,0.775000,0.960594,0.002553,28.051756,0.420024
64,0.020000,0.010000,0.800000,0.961719,0.002761,27.486974,1.495947
64,0.020000,0.010000,0.825000,0.963926,0.003195,25.786436,2.104006
64,0.020000,0.010000,0.850000,0.967006,0.003106,24.064556,1.794726
64,0.020000,0.010000,0.875000,0.969706,0.003134,21.600262,1.890234
64,0.020000,0.010000,0.900000,0.973244,0.003027,17.617131,2.411006
64,0.020000,0.010000,0.925000,0.974002,0.002694,14.321693,0.150576
64,0.020000,0.010000,0.950000,0.974353,0.002868,14.397281,0.131844
64,0.020000,0.010000,0.975000,0.974495,0.002771,14.360755,0.133756
64,0.020000,0.010000,1.000000,0.974799,0.002730,14.413013,0.158606
64,0.020000,0.020000,0.750000,0.959659,0.002671,31.960381,1.319448
64,0.020000,0.020000,0.775000,0.960115,0.002768,29.187699,1.716368
64,0.020000,0.020000,0.800000,0.961228,0.002762,28.075995,0.355873
64,0.020000,0.020000,0.825000,0.962589,0.003050,27.474975,1.515124
64,0.020000,0.020000,0.850000,0.965588,0.003508,25.856788,1.998134
64,0.020000,0.020000,0.875000,0.968710,0.003083,22.821229,2.747657
64,0.020000,0.020000,0.900000,0.971317,0.002930,19.208787,1.098646
64,0.020000,0.020000,0.925000,0.973408,0.002860,17.323591,2.056200
64,0.020000,0.020000,0.950000,0.974073,0.002762,14.265749,0.137601
64,0.020000,0.020000,0.975000,0.974436,0.002892,14.361046,0.108291
64,0.020000,0.020000,1.000000,0.974614,0.002767,14.331292,0.142717
64,0.020000,0.050000,0.750000,0.959055,0.002575,33.418225,2.058615
64,0.020000,0.050000,0.775000,0.958839,0.002609,31.347061,0.441299
64,0.020000,0.050000,0.800000,0.959179,0.002513,31.451966,0.327715
64,0.020000,0.050000,0.825000,0.960301,0.002893,30.955506,1.606540
64,0.020000,0.050000,0.850000,0.962039,0.002836,30.365325,1.834071
64,0.020000,0.050000,0.875000,0.964837,0.003189,26.185079,3.477567
64,0.020000,0.050000,0.900000,0.968199,0.003046,18.349185,1.245883
64,0.020000,0.050000,0.925000,0.969594,0.002393,17.858338,0.584233
64,0.020000,0.050000,0.950000,0.971246,0.002758,17.930168,0.559812
64,0.020000,0.050000,0.975000,0.973592,0.002759,16.808676,1.726685
64,0.020000,0.050000,1.000000,0.974309,0.002841,13.633353,0.498021
64,0.020000,0.100000,0.750000,0.959078,0.002637,50.690538,3.806879
64,0.020000,0.100000,0.775000,0.958903,0.002665,40.829642,2.078971
64,0.020000,0.100000,0.800000,0.958771,0.002647,36.811140,2.500274
64,0.020000,0.100000,0.825000,0.958654,0.002583,34.017031,2.332774
64,0.020000,0.100000,0.850000,0.959044,0.002758,33.030542,2.195448
64,0.020000,0.100000,0.875000,0.960151,0.002756,34.215839,2.412410
64,0.020000,0.100000,0.900000,0.962801,0.003313,29.744029,4.646443
64,0.020000,0.100000,0.925000,0.966951,0.003243,19.103478,2.002233
64,0.020000,0.100000,0.950000,0.967849,0.002894,18.731050,1.129345
64,0.020000,0.100000,0.975000,0.968549,0.002619,18.238292,0.581967
64,0.020000,0.100000,1.000000,0.969735,0.002879,18.071380,0.374732
64,0.050000,0.001000,0.750000,1.100837,0.006393,9.442900,0.190788
64,0.050000,0.001000,0.775000,1.099656,0.006976,9.503203,0.247170
64,0.050000,0.001000,0.800000,1.102133,0.006153,9.403470,0.248069
64,0.050000,0.001000,0.825000,1.103324,0.010469,9.562269,0.668770
64,0.050000,0.001000,0.850000,1.101045,0.005367,9.345239,0.354360
64,0.050000,0.001000,0.875000,1.100817,0.006327,9.214805,0.422865
64,0.050000,0.001000,0.900000,1.101587,0.008042,9.252179,0.447677
64,0.050000,0.001000,0.925000,1.100747,0.005535,9.355627,0.574944
64,0.050000,0.001000,0.950000,1.101059,0.005940,9.214064,0.425706
64,0.050000,0.001000,0.975000,1.100711,0.004279,9.208842,0.447812
64,0.050000,0.001000,1.000000,1.099351,0.005941,9.212236,0.396653
64,0.050000,0.002000,0.750000,1.100936,0.006610,9.199597,0.407895
64,0.050000,0.002000,0.775000,1.099294,0.006007,9.192733,0.393632
64,0.050000,0.002000,0.800000,1.099421,0.005955,9.022638,0.254236
64,0.050000,0.002000,0.825000,1.097449,0.004734,9.036948,0.256635
64,0.050000,0.002000,0.850000,1.099721,0.005049,9.011233,0.221540
64,0.050000,0.002000,0.875000,1.098526,0.004458,9.036338,0.229536
64,0.050000,0.002000,0.900000,1.099949,0.005104,8.988329,0.223337
64,0.050000,0.002000,0.925000,1.100035,0.006491,8.996612,0.215875
64,0.050000,0.002000,0.950000,1.099017,0.006408,9.022545,0.217022
64,0.050000,0.002000,0.975000,1.098793,0.003999,9.024995,0.204026
64,0.050000,0.002000,1.000000,1.099542,0.005554,9.058675,0.269625
64,0.050000,0.005000,0.750000,1.095283,0.004509,8.988675,0.181965
64,0.050000,0.005000,0.775000,1.095956,0.005630,8.997196,0.223878
64,0.050000,0.005000,0.800000,1.097245,0.007241,9.003377,0.241984
64,0.050000,0.005000,0.825000,1.096324,0.006049,9.056070,0.250242
64,0.050000,0.005000,0.850000,1.097553,0.006062,9.007379,0.209896
64,0.050000,0.005000,0.875000,1.096309,0.004606,8.993951,0.228701
64,0.050000,0.005000,0.900000,1.096564,0.004897,9.055878,0.215917
64,0.050000,0.005000,0.925000,1.097093,0.004838,9.017927,0.228626
64,0.050000,0.005000,0.950000,1.096487,0.005529,9.441686,0.625131
64,0.050000,0.005000,0.975000,1.096483,0.005643,9.630397,0.859750
64,0.050000,0.005000,1.000000,1.097495,0.005409,10.057408,1.252474
64,0.050000,0.010000,0.750000,1.092113,0.006330,10.855985,0.756056
64,0.050000,0.010000,0.775000,1.091579,0.004631,10.790546,0.609278
64,0.050000,0.010000,0.800000,1.091128,0.004891,10.928219,0.500035
64,0.050000,0.010000,0.825000,1.089886,0.005793,11.055184,0.511820
64,0.050000,0.010000,0.850000,1.092933,0.005986,10.919860,0.384459
64,0.050000,0.010000,0.875000,1.090759,0.004721,11.358802,0.384717
64,0.050000,0.010000,0.900000,1.091583,0.007440,11.211948,0.318733
64,0.050000,0.010000,0.925000,1.091491,0.006927,11.058981,0.516559
64,0.050000,0.010000,0.950000,1.090436,0.005463,11.500270,1.966285
64,0.050000,0.010000,0.975000,1.091981,0.005248,11.085862,0.432143
64,0.050000,0.010000,1.000000,1.091038,0.004027,11.082441,0.452695
64,0.050000,0.020000,0.750000,1.083263,0.004565,11.356680,0.326492
64,0.050000,0.020000,0.775000,1.081213,0.004869,11.218389,0.385629
64,0.050000,0.020000,0.800000,1.083487,0.004567,11.109722,0.379699
64,0.050000,0.020000,0.825000,1.082600,0.005639,11.123325,0.528942
64,0.050000,0.020000,0.850000,1.082292,0.006754,11.169680,0.209002
64,0.050000,0.020000,0.875000,1.081968,0.004205,10.917325,0.403567
64,0.050000,0.020000,0.900000,1.082317,0.005094,10.470077,0.136825
64,0.050000,0.020000,0.925000,1.083098,0.006749,10.697630,0.987009
64,0.050000,0.020000,0.950000,1.082385,0.005379,10.153682,0.371449
64,0.050000,0.020000,0.975000,1.082043,0.005678,10.160405,0.352926
64,0.050000,0.020000,1.000000,1.082590,0.004910,10.207958,0.396482
64,0.050000,0.050000,0.750000,1.057680,0.004774,10.178213,0.350951
64,0.050000,0.050000,0.775000,1.058262,0.005260,10.156418,0.342208
64,0.050000,0.050000,0.800000,1.058107,0.004470,10.157054,0.342709
64,0.050000,0.050000,0.825000,1.058249,0.004784,10.183156,0.334012
64,0.050000,0.050000,0.850000,1.058438,0.004237,10.444146,1.361911
64,0.050000,0.050000,0.875000,1.057746,0.004498,10.206301,0.370005
64,0.050000,0.050000,0.900000,1.058397,0.004370,10.303190,0.623656
64,0.050000,0.050000,0.925000,1.058456,0.003006,10.198813,0.296671
64,0.050000,0.050000,0.950000,1.057809,0.004442,10.175480,0.335897
64,0.050000,0.050000,0.975000,1.058691,0.004360,10.212551,0.356840
64,0.050000,0.050000,1.000000,1.058094,0.004221,10.215223,0.307875
64,0.050000,0.100000,0.750000,1.024703,0.004742,10.193659,0.351206
64,0.050000,0.100000,0.775000,1.025808,0.005178,10.175298,0.348231
64,0.050000,0.100000,0.800000,1.025285,0.005627,10.221880,0.288707
64,0.050000,0.100000,0.825000,1.025346,0.006041,10.212267,0.405956
64,0.050000,0.100000,0.850000,1.025376,0.005510,10.179443,0.355126
64,0.050000,0.100000,0.875000,1.024935,0.005616,10.224727,0.360615
64,0.050000,0.100000,0.900000,1.025631,0.004211,10.172108,0.354995
64,0.050000,0.100000,0.925000,1.026122,0.005238,10.186604,0.338416
64,0.050000,0.100000,0.950000,1.025492,0.005286,10.159960,0.622495
64,0.050000,0.100000,0.975000,1.025970,0.004933,9.954140,0.528208
64,0.050000,0.100000,1.000000,1.025555,0.005054,10.032430,0.551596
64,0.100000,0.001000,0.750000,2.890817,0.002543,5.467722,0.308545
64,0.100000,0.001000,0.775000,2.890817,0.002543,5.472056,0.280484
64,0.100000,0.001000,0.800000,2.890817,0.002543,5.801179,0.678837
64,0.100000,0.001000,0.825000,2.890817,0.002543,5.719817,0.468975
64,0.100000,0.001000,0.850000,2.890817,0.002543,5.619442,0.086304
64,0.100000,0.001000,0.875000,2.890817,0.002543,5.632134,0.064940
64,0.100000,0.001000,0.900000,2.890817,0.002543,5.483514,0.286898
64,0.100000,0.001000,0.925000,2.890817,0.002543,5.711297,0.058043
64,0.100000,0.001000,0.950000,2.890817,0.002543,5.577429,0.147084
64,0.100000,0.001000,0.975000,2.890817,0.002543,5.676487,0.096218
64,0.100000,0.001000,1.000000,2.890817,0.002543,5.720684,0.335632
64,0.100000,0.002000,0.750000,2.890817,0.002543,5.653600,0.100261
64,0.100000,0.002000,0.775000,2.890817,0.002543,5.626091,0.127203
64,0.100000,0.002000,0.800000,2.890817,0.002543,5.572266,0.184599
64,0.100000,0.002000,0.825000,2.890817,0.002543,5.570089,0.171137
64,0.100000,0.002000,0.850000,2.890817,0.002543,5.565793,0.182009
64,0.100000,0.002000,0.875000,2.890817,0.002543,5.629543,0.178759
64,0.100000,0.002000,0.900000,2.890817,0.002543,5.564352,0.197409
64,0.100000,0.002000,0.925000,2.890817,0.002543,5.597621,0.222492
64,0.100000,0.002000,0.950000,2.890817,0.002543,5.590876,0.185735
64,0.100000,0.002000,0.975000,2.890817,0.002543,5.563792,0.181182
64,0.100000,0.002000,1.000000,2.890817,0.002543,5.571904,0.167945
64,0.100000,0.005000,0.750000,2.890817,0.002543,5.575095,0.177407
64,0.100000,0.005000,0.775000,2.890817,0.002543,5.576792,0.176186
64,0.100000,0.005000,0.800000,2.890817,0.002543,5.577644,0.170956
64,0.100000,0.005000,0.825000,2.890817,0.002543,5.532284,0.132676
64,0.100000,0.005000,0.850000,2.890817,0.002543,5.416469,0.071225
64,0.100000,0.005000,0.875000,2.890817,0.002543,5.554455,0.406257
64,0.100000,0.005000,0.900000,2.890817,0.002543,5.552068,0.149590
64,0.100000,0.005000,0.925000,2.890817,0.002543,5.670176,0.292112
64,0.100000,0.005000,0.950000,2.890817,0.002543,5.560280,0.189263
64,0.100000,0.005000,0.975000,2.890817,0.002543,5.718277,0.262835
64,0.100000,0.005000,1.000000,2.890817,0.002543,5.641599,0.264354
64,0.100000,0.010000,0.750000,2.890817,0.002543,5.610935,0.207172
64,0.100000,0.010000,0.775000,2.890817,0.002543,5.934172,0.864891
64,0.100000,0.010000,0.800000,2.890817,0.002543,5.815970,0.651018
64,0.100000,0.010000,0.825000,2.890817,0.002543,5.672492,0.290167
64,0.100000,0.010000,0.850000,2.890817,0.002543,5.550562,0.181528
64,0.100000,0.010000,0.875000,2.890817,0.002543,5.670950,0.309608
64,0.100000,0.010000,0.900000,2.890817,0.002543,5.687937,0.490085
64,0.100000,0.010000,0.925000,2.890817,0.002543,5.824523,0.758816
64,0.100000,0.010000,0.950000,2.890817,0.002543,5.651305,0.271576
64,0.100000,0.010000,0.975000,2.890817,0.002543,5.741738,0.272514
64,0.100000,0.010000,1.000000,2.890817,0.002543,5.630728,0.254171
64,0.100000,0.020000,0.750000,2.890817,0.002543,5.685403,0.305028
64,0.100000,0.020000,0.775000,2.890817,0.002543,5.486869,0.108814
64,0.100000,0.020000,0.800000,2.890817,0.002543,5.870745,0.706141
64,0.100000,0.020000,0.825000,2.890817,0.002543,5.660137,0.261664
64,0.100000,0.020000,0.850000,2.890817,0.002543,5.682169,0.273560
64,0.100000,0.020000,0.875000,2.890817,0.002543,5.641962,0.257169
64,0.100000,0.020000,0.900000,2.890817,0.002543,5.657461,0.410684
64,0.100000,0.020000,0.925000,2.890817,0.002543,5.710737,0.273985
64,0.100000,0.020000,0.950000,2.890817,0.002543,5.623115,0.186104
64,0.100000,0.020000,0.975000,2.890817,0.002543,5.710317,0.276416
64,0.100000,0.020000,1.000000,2.890817,0.002543,5.612062,0.196315
64,0.100000,0.050000,0.750000,2.890817,0.002543,5.695396,0.268095
64,0.100000,0.050000,0.775000,2.890817,0.002543,5.615298,0.190100
64,0.100000,0.050000,0.800000,2.890817,0.002543,5.671267,0.273636
64,0.100000,0.050000,0.825000,2.890817,0.002543,5.658006,0.273970
64,0.100000,0.050000,0.850000,2.890817,0.002543,5.609786,0.253691
64,0.100000,0.050000,0.875000,2.890817,0.002543,5.626705,0.170443
64,0.100000,0.050000,0.900000,2.890817,0.002543,5.577847,0.179764
64,0.100000,0.050000,0.925000,2.890817,0.002543,5.566884,0.179520
64,0.100000,0.050000,0.950000,2.890817,0.002543,5.577148,0.188396
64,0.100000,0.050000,0.975000,2.890817,0.002543,5.576212,0.163798
64,0.100000,0.050000,1.000000,2.890817,0.002543,5.595782,0.182532
64,0.100000,0.100000,0.750000,2.890817,0.002543,5.695374,0.374623
64,0.100000,0.100000,0.775000,2.890817,0.002543,5.568266,0.183434
64,0.100000,0.100000,0.800000,2.890817,0.002543,5.553625,0.179950
64,0.100000,0.100000,0.825000,2.890817,0.002543,5.617465,0.183494
64,0.100000,0.100000,0.850000,2.890817,0.002543,5.558552,0.176129
64,0.100000,0.100000,0.875000,2.890817,0.002543,5.576097,0.193441
64,0.100000,0.100000,0.900000,2.890817,0.002543,5.572533,0.196798
64,0.100000,0.100000,0.925000,2.890817,0.002543,5.584449,0.162492
64,0.100000,0.100000,0.950000,2.890817,0.002543,5.587516,0.204407
64,0.100000,0.100000,0.975000,2.890817,0.002543,5.577935,0.173708
64,0.100000,0.100000,1.000000,2.890817,0.002543,5.586497,0.208044
